symbol,ticker,exchange,date,snapshot_et,scan_mode,frozen_at,description,sector,industry,price,prev_close,gap_pct,gap_basis,change_pct,premarket_volume,volume,adv30,adv10,kq_vol_ratio,kq_vol_ratio_basis,max_vol_252,max_vol_252_date,record_vol_ratio,record_vol_ratio_basis,market_cap_m,float_m,shares_out_m,dollar_vol_proj_m,ret_3m_pregap,ret_6m_pregap,base_tightness,dist_52w_high_pct,dist_ath_pct,neglect_score,overhead_pct,adr_pct,atr,sma10,sma20,sma50,sma200,last_earnings_date,days_since_earnings,next_earnings_date,next_earnings_confirmed,event_risk,eps_surprise_pct,rev_surprise_pct,eps_yoy_growth_pct,rev_yoy_growth_pct,gate_volume_auto,gate_chart_auto,gate_tradability_auto,tradability_flags,regime_qqq,regime_spy,hist_src,notes
SSTI,SSTI,NASDAQ,2026-09-29,2026-09-29 19:52,premarket,2026-09-29 19:52,"SoundThinking, Inc.",Technology Services,Packaged Software,8.29,5.47,51.55,premarket vs prior close,50.09,1417525.0,5133952.0,279014.0,568881.0,5.08,premarket,1235398.0,2026-06-26,1.15,premarket,108.1,9.29,13.16,35.3,-39.6,-15.1,0.43,-32.3,-87.5,96.0,16.9,4.85,0.492,5.92,5.91,6.76,7.26,2026-08-13,47,2026-11-11,False,,-46.1,-7.3,-47.7,-7.7,strong,pass,pass,,green,red,stockanalysis,dollar volume projected = 3× premarket
SANG,SANG,NASDAQ,2026-09-29,2026-09-29 19:52,premarket,2026-09-29 19:52,Sangoma Technologies Corporation,Electronic Technology,Telecommunications Equipment,5.0,3.59,39.28,premarket vs prior close,37.33,967023.0,4071375.0,167733.0,494518.0,5.77,premarket,76166.0,2026-05-14,12.7,premarket,164.1,24.1,33.28,14.5,-3.8,-19.9,1.0,-7.7,-83.3,100.0,14.0,3.48,0.238,3.66,3.73,3.92,4.29,2026-09-28,1,2026-11-09,False,,0.0,-0.0,-34631.3,-19.6,strong,pass,pass,,green,red,stockanalysis,dollar volume projected = 3× premarket
SMMT,SMMT,NASDAQ,2026-09-29,2026-09-29 19:52,premarket,2026-09-29 19:52,Summit Therapeutics Inc.,Health Technology,Biotechnology,18.88,15.48,21.96,premarket vs prior close,5.88,2018107.0,27321921.0,6865988.0,8189890.0,0.29,premarket,19587360.0,2026-06-01,0.1,premarket,13075.1,152.34,797.75,114.3,6.2,-8.8,0.78,-35.4,-48.8,100.0,16.4,5.59,1.14,16.72,16.79,14.91,16.37,2026-07-23,68,2026-10-19,False,earnings 2026-10-19 (est),-2.0,,63.6,,fail,pass,pass,,green,red,stockanalysis,dollar volume projected = 3× premarket
JELD,JELD,NYSE,2026-09-29,2026-09-29 19:52,premarket,2026-09-29 19:52,"JELD-WEN Holding, Inc.",Non-Energy Minerals,Forest Products,2.07,1.77,16.95,premarket vs prior close,12.43,228713.0,6001265.0,1799498.0,1940931.0,0.13,premarket,10011150.0,2026-06-26,0.02,premarket,172.7,83.16,86.76,1.4,18.0,60.9,0.41,-58.4,-95.1,94.0,40.9,8.36,0.187,1.82,1.99,1.87,1.88,2026-08-03,57,2026-11-02,False,,19.0,3.2,-39.5,-0.7,fail,pass,fail,dollar-vol<10M(proj),green,red,stockanalysis,dollar volume projected = 3× premarket
IOVA,IOVA,NASDAQ,2026-09-29,2026-09-29 19:52,premarket,2026-09-29 19:52,"Iovance Biotherapeutics, Inc.",Health Technology,Biotechnology,12.799,10.99,16.46,premarket vs prior close,31.48,2468914.0,78153769.0,17221279.0,22683018.0,0.14,premarket,83726609.0,2025-11-06,0.03,premarket,6545.4,393.41,452.97,94.8,164.2,231.0,0.14,14.6,-92.2,3.0,0.0,5.71,0.838,10.84,9.76,7.72,4.55,2026-08-06,54,2026-11-05,False,,17.6,13.1,68.5,65.7,fail,fail,pass,,green,red,stockanalysis,dollar volume projected = 3× premarket
XRPN,XRPN,NASDAQ,2026-09-29,2026-09-29 19:52,premarket,2026-09-29 19:52,Armada Acquisition Corp. II,Finance,Financial Conglomerates,12.08,10.575,14.23,premarket vs prior close,21.99,196483.0,3778016.0,295198.0,710443.0,0.67,premarket,2605458.0,2025-10-20,0.08,premarket,407.5,17.74,23.71,7.1,1.5,2.5,1.0,-11.6,-28.9,100.0,0.0,1.74,0.69,10.79,10.67,10.56,10.39,,,,,,,,82.9,,pass,pass,fail,dollar-vol<10M(proj);SPAC,green,red,stockanalysis,dollar volume projected = 3× premarket
QMLS,QMLS,NASDAQ,2026-09-29,2026-09-29 19:52,premarket,2026-09-29 19:52,"QumulusAI, Inc.",Technology Services,Data Processing Services,8.16,7.16,13.97,premarket vs prior close,-8.8,438328.0,2073105.0,446946.0,680957.0,0.98,premarket,2446160.0,2026-07-22,0.18,premarket,218.5,14.1,33.46,10.7,,,0.82,-52.7,-78.5,100.0,15.3,12.06,1.098,6.97,6.5,6.54,,2026-08-25,35,2026-11-25,False,,-105.7,107.5,-1134.1,258.7,pass,pass,pass,,green,red,stockanalysis,dollar volume projected = 3× premarket
CCL,CCL,NYSE,2026-09-29,2026-09-29 19:52,premarket,2026-09-29 19:52,Carnival Corporation Ltd.,Consumer Services,Hotels/Resorts/Cruise lines,24.39,22.14,10.16,premarket vs prior close,13.41,4112984.0,75475319.0,23516582.0,31597421.0,0.17,premarket,84280952.0,2025-12-19,0.05,premarket,34391.9,1271.71,1369.65,300.9,-22.5,-7.6,0.9,-28.3,-66.5,100.0,88.0,2.96,0.945,22.4,22.69,25.31,27.52,2026-09-29,0,2026-12-18,False,,5.6,0.6,-6.9,5.3,fail,pass,pass,,green,red,stockanalysis,dollar volume projected = 3× premarket
NVTS,NVTS,NASDAQ,2026-09-29,2026-09-29 19:52,premarket,2026-09-29 19:52,Navitas Semiconductor Corporation,Electronic Technology,Semiconductors,12.8,11.73,9.12,premarket vs prior close,0.0,2836671.0,35589363.0,12782727.0,15263087.0,0.22,premarket,157929925.0,2025-10-14,0.02,premarket,3062.6,225.74,261.09,108.9,-34.5,49.8,0.86,-62.5,-62.5,100.0,42.9,4.96,0.793,11.7,11.51,12.05,13.15,2026-07-27,64,2026-11-02,False,,5.9,5.6,-284.4,-27.3,fail,pass,pass,,green,red,stockanalysis,dollar volume projected = 3× premarket
NAUT,NAUT,NASDAQ,2026-09-29,2026-09-29 19:52,premarket,2026-09-29 19:52,"Nautilus Biotechnology, Inc.",Health Technology,Biotechnology,1.2,1.11,8.11,premarket vs prior close,22.97,3031125.0,22335689.0,1727098.0,3297930.0,1.76,premarket,7704548.0,2026-06-26,0.39,premarket,173.7,73.83,127.25,10.9,-40.6,-67.6,0.67,-72.2,-90.3,95.0,64.3,9.86,0.125,1.02,0.99,1.03,2.08,2026-07-28,63,2026-10-27,False,,18.5,,4.5,,pass,pass,pass,,green,red,stockanalysis,dollar volume projected = 3× premarket
