ticker,date,trigger_date,prev_close,d1_open,d1_high,d1_low,d1_close,d1_vol,gap_open_pct,d1_open_to_close_pct,record_day,max_vol_252_prior,ret_1d,ret_3d,ret_5d,ret_10d,ret_20d,mfe_20d,mae_20d,d1_low_held,or_basis,orh,orl,trigger_fired,sim_entry,sim_stop,sim_risk_pct,sim_r10,sim_exit10,sim_days10,sim_r20,sim_exit20,sim_days20,sim_r50,sim_exit50,sim_days50,sim_r_partial,sim_open,sessions_known,computed_at
AXTI,2026-07-31,2026-07-31,46.94,66.705,68.92,55.61,60.43,29625908.0,42.11,-9.41,True,22125594.0,2.95,2.86,32.79,22.39,-12.11,46.6,-19.56,False,"daily approx (entry=open, stop=day-1 low)",66.705,55.61,True,66.705,55.61,16.63,-1.0,55.61,1,-1.0,55.61,1,-1.0,55.61,1,-1.0,False,20,2026-09-30
REPL,2026-07-31,2026-07-31,5.41,11.379,12.5,9.43,11.2,33629890.0,110.33,-1.57,False,202083397.0,4.67,3.96,5.98,31.56,36.22,41.93,-10.98,True,"daily approx (entry=open, stop=day-1 low)",11.379,9.43,True,11.379,9.43,17.13,1.37,14.05,14,1.88,15.04,25,0.63,12.6,38,0.99,False,20,2026-09-30
AUTL,2026-08-03,2026-08-03,1.49,1.715,2.08,1.61,1.82,13440416.0,15.1,6.12,False,32324284.0,13.7,16.62,20.7,32.94,37.03,50.44,4.96,True,5-min bars,1.76,1.61,True,1.76,1.61,8.52,3.8,2.33,17,3.2,2.24,22,0.8,1.88,28,3.07,False,20,2026-09-30
AAOI,2026-08-04,2026-08-04,110.21,128.575,136.27,123.5,131.63,20560104.0,16.66,2.38,False,27112833.0,-0.01,5.49,4.48,2.2,-19.59,25.21,-21.27,False,5-min bars,130.59,123.5,True,130.59,123.5,5.43,-1.0,123.5,2,-1.0,123.5,2,-0.29,128.56,1,-1.0,False,20,2026-09-30
BTDR,2026-08-04,2026-08-04,11.37,12.785,12.93,11.25,11.38,27181588.0,12.45,-10.99,False,45844905.0,-13.49,-14.9,-32.03,-29.61,-19.05,-4.18,-33.99,False,5-min bars,12.89,12.33,True,12.89,12.33,4.34,-1.0,12.329999923706055,0,-1.0,12.329999923706055,0,-1.0,12.329999923706055,0,-1.0,False,20,2026-09-30
MOVE,2026-08-04,2026-08-04,10.76,18.78,18.89,13.5,13.73,7407502.0,74.54,-26.89,False,63537071.0,-35.25,-30.99,-41.43,-46.01,-31.79,-19.49,-55.32,False,5-min bars,18.065,15.75,False,,,,,,,,,,,,,,,20,2026-09-30
POET,2026-08-04,2026-08-04,7.36,8.345,8.68,8.13,8.57,24487313.0,13.38,2.7,False,199070233.0,-3.06,6.77,2.94,1.62,-14.92,19.83,-15.52,False,5-min bars,8.52,8.2,True,8.52,8.2,3.76,-1.0,8.199999809265137,0,-1.0,8.199999809265137,0,-1.0,8.199999809265137,0,-1.0,False,20,2026-09-30
GTE,2026-08-05,2026-08-05,6.83,10.33,11.524,9.01,9.44,20233486.0,51.24,-8.62,True,2236247.0,-8.33,-13.36,-9.49,-5.03,-1.36,2.03,-17.81,False,5-min bars,10.92,9.49,True,10.92,9.49,13.1,-1.0,9.489999771118164,0,-1.0,9.489999771118164,0,-1.0,9.489999771118164,0,-1.0,False,20,2026-09-30
BULL,2026-08-20,2026-08-20,8.64,9.94,9.95,8.82,8.85,50827516.0,15.05,-10.97,False,164694352.0,-11.67,-10.06,-3.72,0.6,-17.0,2.52,-23.29,False,5-min bars,9.95,9.39,False,,,,,,,,,,,,,,,20,2026-09-30
BMEA,2026-08-24,2026-08-24,1.37,1.51,1.77,1.495,1.59,11503096.0,10.22,5.3,False,21514954.0,14.57,11.26,11.26,27.81,12.58,37.09,4.64,True,5-min bars,1.63,1.495,True,1.63,1.495,8.28,0.52,1.7,12,0.59,1.71,19,0.0,1.6299999952316284,21,0.47,False,20,2026-09-30
CYPH,2026-08-24,2026-08-24,1.42,1.83,2.02,1.53,1.68,38564249.0,28.87,-8.2,False,786036423.0,-10.38,3.28,-0.27,43.72,103.83,119.67,-16.39,True,5-min bars,1.8778,1.7,True,1.8778,1.7,9.47,-1.0,1.7000000476837158,0,-1.0,1.7000000476837158,0,-1.0,1.7000000476837158,0,-1.0,False,20,2026-09-30
NSSC,2026-08-24,2026-08-24,38.09,46.16,51.77,36.38,37.59,2337914.0,21.19,-18.57,False,6767581.0,-21.08,-23.57,-21.49,-19.66,-22.27,-17.79,-26.54,False,5-min bars,51.5,46.16,True,51.5,46.16,10.37,-1.0,46.15999984741211,0,-1.0,46.15999984741211,0,-1.0,46.15999984741211,0,-1.0,False,20,2026-09-30
PUSA,2026-08-24,2026-08-24,3.43,3.9,4.17,3.75,3.78,2799281.0,13.7,-3.08,False,38875049.0,-3.08,-2.82,0.77,-5.9,-2.05,6.15,-12.18,False,5-min bars,4.02,3.75,True,4.02,3.75,6.72,-1.0,3.75,1,-1.0,3.75,1,-1.0,3.75,1,-1.0,False,20,2026-09-30
SUPX,2026-08-24,2026-08-24,8.52,9.7,10.6,8.26,10.54,1441086.0,13.85,8.66,True,1332270.0,8.25,0.82,-4.33,-22.47,-22.06,16.29,-29.79,False,5-min bars,9.8,8.2601,True,9.8,8.2601,15.71,-1.0,8.260100364685059,6,-1.0,8.260100364685059,6,-1.0,8.260100364685059,6,-0.67,False,20,2026-09-30
TEM,2026-08-24,2026-08-24,72.69,70.075,72.02,65.93,66.17,10331847.0,-3.6,-5.57,False,22185242.0,-1.92,0.88,-10.02,-8.26,10.15,16.77,-17.63,False,5-min bars,72.02,68.5,False,,,,,,,,,,,,,,,20,2026-09-30
BDRX,2026-08-25,2026-08-25,1.2,1.455,1.51,1.15,1.18,16610969.0,21.25,-18.9,False,24245484.0,-32.83,-40.34,-46.34,-44.18,-52.62,6.53,-58.08,False,5-min bars,1.4625,1.36,True,1.4625,1.36,7.01,-1.0,1.3600000143051147,0,-1.0,1.3600000143051147,0,-1.0,1.3600000143051147,0,-1.0,False,20,2026-09-30
RZLV,2026-08-25,2026-08-25,2.43,2.76,3.09,2.615,2.96,98379245.0,13.58,7.25,True,94271237.0,5.43,7.61,-13.41,-16.67,-17.39,10.51,-22.1,False,5-min bars,2.8,2.615,True,2.8,2.615,6.61,-1.0,2.615000009536743,0,-1.0,2.615000009536743,0,-1.0,2.615000009536743,0,-1.0,False,20,2026-09-30
SSTI,2026-09-29,2026-09-29,5.47,8.3,8.43,8.18,8.21,5124180.0,51.74,-1.08,True,1235398.0,,,,,,,,,5-min bars,8.43,8.29,False,,,,,,,,,,,,,,,0,2026-09-30
SANG,2026-09-29,2026-09-29,3.59,4.95,5.055,4.865,4.93,4040280.0,37.88,-0.4,True,111239.0,,,,,,,,,5-min bars,5.0551,4.95,False,,,,,,,,,,,,,,,0,2026-09-30
SMMT,2026-09-29,2026-09-29,15.48,18.91,19.09,16.15,16.39,27188821.0,22.16,-13.33,True,19587360.0,,,,,,,,,5-min bars,18.37,17.1,False,,,,,,,,,,,,,,,0,2026-09-30
JELD,2026-09-29,2026-09-29,1.77,2.06,2.26,1.815,1.99,5997537.0,16.38,-3.4,False,10011150.0,,,,,,,,,5-min bars,2.11,2.01,True,2.11,2.01,4.74,-1.0,2.009999990463257,0,-1.0,2.009999990463257,0,-1.0,2.009999990463257,0,-1.0,False,0,2026-09-30
IOVA,2026-09-29,2026-09-29,10.99,12.79,15.3,12.78,14.45,77375379.0,16.38,12.98,False,83726609.0,,,,,,,,,5-min bars,13.26,12.78,True,13.26,12.78,3.62,2.48,14.45,0,2.48,14.45,0,2.48,14.45,0,2.48,True,0,2026-09-30
XRPN,2026-09-29,2026-09-29,10.575,12.1,17.0,11.42,12.9,3759201.0,14.42,6.61,True,2605458.0,,,,,,,,,5-min bars,12.1,11.72,True,12.1,11.72,3.14,-1.0,11.720000267028809,0,-1.0,11.720000267028809,0,-1.0,11.720000267028809,0,-1.0,False,0,2026-09-30
QMLS,2026-09-29,2026-09-29,7.16,8.15,8.2,5.915,6.53,2055448.0000000002,13.83,-19.88,False,2446160.0,,,,,,,,,"daily approx (entry=open, stop=day-1 low)",8.15,5.915,True,8.15,5.915,27.42,-0.72,6.53,0,-0.72,6.53,0,-0.72,6.53,0,-0.72,True,0,2026-09-30
CCL,2026-09-29,2026-09-29,22.14,24.39,25.29,24.0,25.11,74746246.0,10.16,2.95,False,102357512.0,,,,,,,,,5-min bars,24.9,24.0,True,24.9,24.0,3.61,0.23,25.11,0,0.23,25.11,0,0.23,25.11,0,0.23,True,0,2026-09-30
NVTS,2026-09-29,2026-09-29,11.73,12.805,12.9,11.67,11.73,35287256.0,9.16,-8.4,False,157929925.0,,,,,,,,,5-min bars,12.9,11.93,False,,,,,,,,,,,,,,,0,2026-09-30
NAUT,2026-09-29,2026-09-29,1.11,1.19,1.595,1.08,1.365,22248745.0,7.21,14.71,True,7704548.0,,,,,,,,,5-min bars,1.22,1.11,True,1.22,1.11,9.02,1.32,1.365,0,1.32,1.365,0,1.32,1.365,0,1.32,True,0,2026-09-30
